0;_BiSecurApp_mx_managers_SystemManager
13;Graphic-1327999506
24;Graphic-266601006
30;Graphic989755493
42;Graphic-477385197
68;Graphic-2007596213
82;Graphic1809658618
88;Graphic-970401076
95;Graphic1462372922
121;Graphic-832705294
128;Graphic-779643792
143;Graphic-77688019
153;Graphic-18160442
168;Graphic959684542
196;Graphic-1733348533
204;Graphic718084496
217;Graphic-2141506332
231;Graphic-757502010
246;Graphic2073051674
256;Graphic-1587285027
263;Graphic-664398844
289;Graphic982132858
304;Graphic-2007584135
315;Graphic1355885290
325;Graphic-1994900777
353;Graphic1559828142
360;Graphic1131753579
369;Graphic-1341305044
376;Graphic1933750312
383;Graphic-22141135
392;Graphic711606123
400;Graphic-151962199
410;Graphic1146779243
418;Graphic-1303371603
434;Graphic1717062886
447;Graphic1554220176
456;Graphic1210280628
484;Graphic-56213390
499;Graphic-1650015960
513;Graphic-1203459481
521;Graphic-772039540
530;Graphic102978538
537;Graphic-810425239
548;Graphic1690186635
560;Graphic2046058230
568;Graphic-1022170095
596;Graphic-220670114
604;Graphic1111273858
617;Graphic-653472464
628;Graphic-448756321
643;Graphic-825954171
653;Graphic-753997289
661;Graphic-312648946
675;Graphic281566576
685;Graphic-1967640730
692;Graphic-1220202039
706;Graphic-1472437722
715;Graphic-2048429863
722;Graphic1996508473
748;Graphic266695756
763;Graphic895670462
777;Graphic944250629
786;Graphic2104281055
799;Graphic-382417147
812;Graphic-2081976517
838;Graphic2098320994
847;Graphic388208108
864;Graphic2105488994
892;Graphic868098946
907;Graphic-2032358191
918;Graphic-294478621
928;Graphic1131477690
935;Graphic866882798
941;Graphic-1714612961
947;Graphic-1900520436
954;Graphic-233106186
961;Graphic176606138
971;Graphic1567418545
984;Graphic1560478251
991;Graphic1021281588
1021;Graphic743029705
1049;Graphic-2027683706
1064;Graphic1063698061
1089;Graphic-1997372816
1099;Graphic-253377877
1107;Graphic-831742436
1137;Graphic-1989477641
1163;Graphic-1860602987
1173;Graphic-797985987
1180;Graphic1513810439
1184;Graphic-469672929
1197;Graphic666263487
1204;Graphic1273596405
1216;Graphic-598254107
1228;Graphic-850869107
1241;Graphic-2125055805
1249;Graphic-561689932
1256;Graphic1803579486
1264;Graphic-1770202323
1279;Graphic962849622
1287;Graphic1007536413
1294;Graphic-1183660965
1302;Graphic70752752
1315;Graphic1257836842
1325;Graphic1353882278
1332;Graphic-1028152642
1340;Graphic908096049
1347;Graphic833102251
1357;Graphic-62758855
1372;Graphic1649053359
1389;Graphic493629211
1399;Graphic1290396792
1403;Graphic2018671071
1428;Graphic-1636039098
1435;Graphic-1796936152
1440;mx.skins.cursor.DragMove
1453;mx.skins.cursor.BusyCursor
1461;mx.skins.cursor.DragLink
1467;mx.skins.cursor.DragCopy
1472;mx.skins.cursor.DragReject
1473;mx.graphics.shaderClasses.LuminosityShader_ShaderClass
1474;mx.graphics.shaderClasses.SaturationShader_ShaderClass
1475;mx.graphics.shaderClasses.SoftLightShader_ShaderClass
1476;mx.graphics.shaderClasses.ColorDodgeShader_ShaderClass
1477;mx.graphics.shaderClasses.ExclusionShader_ShaderClass
1478;mx.graphics.shaderClasses.ColorShader_ShaderClass
1479;mx.graphics.shaderClasses.HueShader_ShaderClass
1480;mx.graphics.shaderClasses.ColorBurnShader_ShaderClass
1485;Graphic540788127
1487;Graphic-592239161
1489;Graphic-176685411
1491;Graphic1231586408
1496;Graphic1434641971
1501;Graphic-1335043035
1506;Graphic399663701
1511;Graphic1414634178
1513;Graphic1188274904
1515;Graphic-1716216353
1520;Graphic856353362
1522;Graphic-281874830
1529;Graphic866409760
1536;Graphic-1049788483
1541;Graphic2031228736
1546;Graphic-361121433
1551;Graphic1366088028
1558;Graphic-279912756
1565;Graphic-237406354
1570;Graphic793133902
1574;Graphic-964562138
1578;Graphic-912907750
1582;Graphic1110321367
1586;Graphic-1150989846
1589;Graphic-1995829680
1596;Graphic-703943358
1600;Graphic-2090818357
1607;Graphic-1017455409
1611;Graphic-171210233
1615;Graphic1642539371
1619;Graphic2069260346
1623;Graphic-1285926473
1627;Graphic-170049608
1631;Graphic1375021631
1635;Graphic-1372511103
1639;Graphic-1166728448
1647;Graphic1862441055
1651;Graphic1379850854
1655;Graphic1260748573
1662;Graphic6883211
1666;Graphic-868892348
1670;Graphic-811446584
1678;Graphic246256116
1682;Graphic-824287366
1690;Graphic1887591567
1697;Graphic-1878803545
1704;Graphic-212808730
1707;Graphic-1841149576
1714;Graphic462396997
1720;Graphic1433355932
1724;Graphic-353815170
1728;Graphic-1682041998
1732;Graphic-2141941195
1738;Graphic1943675826
1742;Graphic1552023453
1750;Graphic-353683122
1776;Graphic-91318469
1802;Graphic1529622873
1828;Graphic125604272
1854;Graphic-69390105
1880;Graphic188271906
1906;Graphic-8519150
1932;Graphic-868266453
1958;Graphic-1926675486
1984;Graphic1989193453
2010;Graphic1739298124
2036;Graphic-1037712817
2062;Graphic-624597319
2088;Graphic670336300
2114;Graphic1909948547
2140;Graphic-1296087018
2166;Graphic-2084776861
2192;Graphic-2143507837
2218;Graphic1882195661
2221;Graphic694059698
2224;Graphic-1963842740
2227;Graphic900499798
2230;Graphic94482448
2233;Graphic-46165526
2236;Graphic1093695041
2247;Graphic660758095
2252;Graphic-1511336715
2255;Graphic1889112806
2260;Graphic1896551935
2265;Graphic1294249073
2268;Graphic621441971
2273;Graphic-1507878015
2278;Graphic2024413970
2281;Graphic1020327183
2286;Graphic40653140
2289;Graphic-1364296246
2292;Graphic-1704820209
2297;Graphic-684581058
2302;Graphic-1192683852
2307;Graphic-1372766060
2310;Graphic-1788825995
2315;Graphic664906760
2320;Graphic1990460973
2325;Graphic-1545746041
2328;Graphic344165272
2333;Graphic-2030642344
2336;Graphic1219027639
2339;Graphic1471601415
2342;Graphic153074807
2345;Graphic1448889472
2348;Graphic-2047552303
2353;Graphic-932538655
2358;Graphic903897840
2363;Graphic1154823950
2366;Graphic934749036
2369;Graphic-1126555763
2372;Graphic1455928596
2375;Graphic-393323446
2378;Graphic-687520007
2381;Graphic-1595954144
2385;Graphic-387140300
2388;Graphic-752554331
2393;Graphic1799444059
2398;Graphic-150851523
2403;Graphic-369909841
2408;Graphic-1167609436
2413;Graphic-14559974
2418;Graphic1410754206
2421;Graphic1946192461
2424;Graphic-1502112203
2429;Graphic1223047740
2432;Graphic292232698
2437;Graphic-413351034
2442;Graphic1785302755
2445;Graphic295790249
2450;Graphic904382095
2453;Graphic474677074
2458;Graphic-250225240
2463;Graphic1690551420
2468;Graphic499066940
2472;Graphic-536326357
2476;Graphic1122496552
2479;Graphic-94030449
2482;Graphic1138752869
2486;Graphic-11961124
2493;Graphic106747224
2498;Graphic-1956603158
2503;Graphic-1810084089
2510;Graphic-356748680
2515;Graphic-1453429958
2520;Graphic-381750414
2525;Graphic-1390303410
2530;Graphic483933021
2535;Graphic271866370
2540;Graphic1156303686
2550;Graphic600603495
2561;Graphic66626860
2575;Graphic-2013140991
2589;Graphic-1507284606
2603;Graphic-1464914942
2614;Graphic380278055
2625;Graphic1644083090
2636;Graphic-121773134
2687;Graphic525890567
2693;Graphic1268337499
2696;Graphic-1649022053
2702;Graphic-200849072
2718;Graphic-1415859284
2727;Graphic937228993
2731;Graphic710459668
2735;Graphic-1160678079
2739;Graphic931670435
2743;Graphic153715651
2747;Graphic-1438079920
2751;Graphic-1017733527
2755;Graphic-163584160
2758;Graphic-1697980684
2760;Graphic-1757582679
2762;Graphic1659150400
2764;Graphic245029012
2766;Graphic419395292
2768;Graphic1255615116
2770;Graphic2036849160
2772;Graphic-791784715
2774;Graphic-1534010327
2775;mx.graphics.shaderClasses.LuminosityMaskShader_ShaderClass
2784;Graphic-24708876
2787;Graphic-2000358718
2792;Graphic-142415443
2796;Graphic-1149680756
2799;Graphic-19077270
2803;Graphic1117882772
2807;Graphic1361799875
2812;Graphic-893007590
2817;Graphic-1795240208
2821;Graphic1608473971
2824;Graphic-867058883
2827;Graphic500391818
2831;Graphic-1599953060
2835;Graphic668424911
2839;Graphic508046073
2844;Graphic381993635
2848;Graphic-399893421
2853;Graphic-1891189729
2857;Graphic-96020572
2862;Graphic-596764752
2867;Graphic1105708376
2872;Graphic-609242238
2877;Graphic-1312981650
2881;Graphic696543940
2885;Graphic-268096928
2889;Graphic369506135
2894;Graphic-416962926
2899;Graphic-1684439855
2904;Graphic-456415570
2909;Graphic-623996561
2914;Graphic1489909447
2919;Graphic404044078
2923;Graphic-477952268
2928;Graphic297350975
2933;Graphic1374154990
2938;Graphic1120510943
2943;Graphic-2016873895
2948;Graphic-256243178
2953;Graphic-778418807
2957;Graphic1759815930
2962;Graphic1059658710
2967;Graphic1949912111
2972;Graphic-1866948119
2976;Graphic1230855747
2980;Graphic1210971029
2985;Graphic-1049432993
2990;Graphic771025586
2994;Graphic1661101655
2998;Graphic419810532
3003;Graphic45460794
3008;Graphic525134589
3013;Graphic165589853
3018;Graphic2143115667
3023;Graphic896606023
3028;Graphic-1479394289
3033;Graphic-512386648
3038;Graphic-1171047111
3043;Graphic-1664623489
3048;Graphic419998100
3053;Graphic1964313788
3058;Graphic41292321
3063;Graphic-1891014366
3068;Graphic597266134
3073;Graphic-1167996487
3078;Graphic-1153979750
3083;Graphic-1197564167
3088;Graphic1964563638
3093;Graphic-1017705181
3099;Graphic152511204
3105;Graphic-232661081
3111;Graphic122475070
3117;Graphic-1078448533
3123;Graphic1702483654
3129;Graphic2037718195
3135;Graphic2135762808
3141;Graphic-1476857958
3147;Graphic342704724
3153;Graphic927733003
3159;Graphic-341668248
3165;Graphic1570446868
3171;Graphic-1485119067
3177;Graphic-2143377227
3183;Graphic1918203473
3190;Graphic138066231
3197;Graphic971348405
3204;Graphic-1827548395
3211;Graphic1877386753
3218;Graphic1774799761
3225;Graphic1439322861
3232;Graphic2090291542
3239;Graphic1205459131
3246;Graphic-626101777
3253;Graphic-1617001883
3260;Graphic1570583039
3267;Graphic-1966583319
3274;Graphic-1712413592
3281;Graphic181571030
3288;Graphic1643303091
3305;Graphic1737182933
3316;Graphic1384574413
3324;Graphic-1967299948
3331;Graphic-424200724
3348;Graphic1976413670
3356;Graphic-1483068159
3362;Graphic568618350
3368;Graphic-1327107636
3380;Graphic-447812801
3385;Graphic-433116899
3400;Graphic310094016
3415;Graphic1078633363
3419;Graphic1556039573
3430;Graphic1470021019
3435;Graphic258526454
3440;Graphic369357365
3445;Graphic1806809668
3449;Graphic-382713740
3456;Graphic2110446567
3461;Graphic-671108142
3469;Graphic-579941436
3474;Graphic2110613467
3479;Graphic-1383117014
3501;Graphic1141863129
3522;Graphic1572419274
3542;Graphic-1496053069
3555;Graphic1183933593
3568;Graphic-201305119
3581;Graphic2119922934
3586;Graphic1614820843
3591;Graphic-500170066
3596;Graphic1551063268
3601;Graphic1427734928
3606;Graphic887021975
3612;Graphic-1981878158
3617;Graphic-1633596258
3622;Graphic-1034940595
3627;Graphic324628219
3632;Graphic341950990
3637;Graphic-56182680
3652;Graphic-599244755
3704;Graphic-1117005562
3717;Graphic-263837392
3730;Graphic1682260414
3743;Graphic1327005037
3760;Graphic-2103213397
3777;Graphic-637606130
3794;Graphic800618367
3802;Graphic-886622171
3811;Graphic713125330
3822;Graphic-2106092529
3827;Graphic-1128980648
3836;Graphic1684601928
3843;Graphic1220624603
3848;Graphic1719115404
3853;Graphic1336598531
3864;Graphic-1952591714
3869;Graphic1399057107
3876;Graphic1620906269
3885;Graphic1277247417
3890;Graphic2098874523
3895;Graphic531773046
3900;Graphic-1813924504
3905;Graphic559383652
3910;Graphic-1109185867
3915;Graphic555603944
3920;Graphic-894844820
3925;Graphic-736026081
3930;Graphic774664163
3935;Graphic1534107466
3940;Graphic-77034577
3945;Graphic-1342213778
3950;Graphic-1260586104
3955;Graphic-1560375403
3968;Graphic-981578689
3987;Graphic-1042869473
4004;Graphic353716354
4028;Graphic-1777265344
4052;Graphic917018424
4076;Graphic-661018298
4080;Graphic-2024299572
1440;_class_embed_css_Assets_swf__1432423865_mx_skins_cursor_DragMove_263169777
2325;spark.skins.mobile160.assets.BeveledBackButton_up
3141;spark.skins.mobile120.assets.TabbedViewNavigatorButtonBarFirstButton_up
2498;spark.skins.mobile.assets.TransparentNavigationButton_up
1473;mx.graphics.shaderClasses.LuminosityShader_ShaderClass
1589;spark.skins.mobile640.assets.CheckBox_upSymbolSelected
2751;spark.skins.mobile240.assets.CalloutContentBackground
2227;spark.skins.mobile640.assets.TextInput_border
2062;com.isisic.remote.hoermann.assets.images.checkBox.moblie_320.Checkbox_BorderUp
2297;spark.skins.mobile480.assets.BeveledBackButton_up
2363;spark.skins.mobile640.assets.ViewMenuItem_down
499;com.isisic.remote.hoermann.assets.images.gateThumbs.autoClose.JACK
121;com.isisic.remote.hoermann.assets.images.gateThumbs.undefined.LIGHT
3777;com.isisic.remote.hoermann.assets.images.devices.pilomat.hubbalken.FXG_PHB_StateNotRetracted
2166;com.isisic.remote.hoermann.assets.images.checkBox.moblie_320.Checkbox_BorderDown
3078;spark.skins.mobile320.assets.ButtonBarMiddleButton_selected
1453;_class_embed_css_Assets_swf__1432423865_mx_skins_cursor_BusyCursor_55297237
4081;_FontFaceRules__embed__font_RobotoBold_bold_normal_1079378365
1241;com.isisic.remote.hoermann.assets.images.gates.undefined.SWING_GATE_SINGLE
369;com.isisic.remote.hoermann.assets.images.ports.SINK
2835;spark.skins.ios7.assets.ButtonBarMiddleButton_down
1541;spark.skins.mobile.assets.TransparentActionButton_up
1294;com.isisic.remote.hoermann.assets.images.gates.opened.HORIZONTAL_SECTIONAL_DOOR
3135;spark.skins.mobile480.assets.TabbedViewNavigatorButtonBarFirstButton_up
2885;spark.skins.mobile120.assets.ButtonBarFirstButton_up
2348;spark.skins.mobile.assets.ViewMenuItem_showsCaret
3811;com.isisic.remote.hoermann.assets.images.devices.jack.Fxg_J_StateOn
2803;spark.skins.android4.assets.ButtonBarFirstButton_selectedUp
3945;com.isisic.remote.hoermann.assets.images.devices.swingGateDouble.Fxg_SGD_StateRightOpened
410;com.isisic.remote.hoermann.assets.images.gates.opened.DOOR
82;com.isisic.remote.hoermann.assets.images.gateThumbs.autoClose.SLIDING_GATE
2442;spark.skins.mobile640.assets.BeveledActionButton_up
3305;com.isisic.remote.hoermann.assets.images.buttons.ImgPrefs
1332;com.isisic.remote.hoermann.assets.images.gateThumbs.error.SWING_GATE_SINGLE
2824;spark.skins.ios7.assets.ButtonBarFirstButton_up
537;com.isisic.remote.hoermann.assets.images.gateThumbs.autoClose.DOOR
2381;spark.skins.ios7.assets.ToggleSwitchThumb_off
1477;mx.graphics.shaderClasses.ExclusionShader_ShaderClass
3159;spark.skins.mobile480.assets.TabbedViewNavigatorButtonBarFirstButton_down
24;com.isisic.remote.hoermann.assets.images.ports.IMPULS
1958;com.isisic.remote.hoermann.assets.images.checkBox.moblie_320.Checkbox_SymbolUp
3147;spark.skins.mobile120.assets.TabbedViewNavigatorButtonBarFirstButton_selected
3063;spark.skins.mobile640.assets.ButtonBarMiddleButton_up
217;com.isisic.remote.hoermann.assets.images.gates.closed.SECTIONAL_DOOR
3435;com.isisic.remote.hoermann.assets.images.thumbs.ImgNotificationInfo
3018;spark.skins.mobile640.assets.ButtonBarMiddleButton_down
617;com.isisic.remote.hoermann.assets.images.gateThumbs.undefined.SLIDING_GATE
1611;spark.skins.mobile320.assets.CheckBox_downSymbol
3415;com.isisic.remote.hoermann.assets.images.logos.ImgWM
2424;spark.skins.mobile480.assets.BeveledActionButton_fill
1506;spark.skins.mobile120.assets.Button_down
1714;spark.skins.mobile240.assets.CheckBox_up
3348;com.isisic.remote.hoermann.assets.images.thumbs.ImgGlobal
1570;spark.skins.mobile480.assets.TransparentActionButton_up
2247;spark.skins.ios7.assets.ActionBarBackground
838;com.isisic.remote.hoermann.assets.images.gateThumbs.error.LIGHT
2807;spark.skins.android4.assets.ButtonBarFirstButton_down
715;com.isisic.remote.hoermann.assets.images.gates.half.HORIZONTAL_SECTIONAL_DOOR
1228;com.isisic.remote.hoermann.assets.images.gateThumbs.undefined.HORIZONTAL_SECTIONAL_DOOR
1854;com.isisic.remote.hoermann.assets.images.checkBox.mobile_160.Checkbox_SymbolDown
1651;spark.skins.mobile320.assets.CheckBox_upSymbol
3606;com.isisic.remote.hoermann.assets.images.devices.swingGateSingle.Fxg_SGS_StateOpened
1635;spark.skins.mobile120.assets.CheckBox_downSymbolSelected
2192;com.isisic.remote.hoermann.assets.images.checkBox.moblie_320.Checkbox_BorderDownSelected
3612;com.isisic.remote.hoermann.assets.images.devices.general.FxgArrowUp
3225;spark.skins.mobile.assets.TabbedViewNavigatorButtonBarLastButton_down
2273;spark.skins.mobile120.assets.BeveledBackButton_down
2957;spark.skins.mobile320.assets.ButtonBarLastButton_up
2881;spark.skins.mobile160.assets.ButtonBarFirstButton_up
748;com.isisic.remote.hoermann.assets.images.gateThumbs.opened.LIGHT
2413;spark.skins.mobile240.assets.BeveledActionButton_up
2862;spark.skins.mobile320.assets.ButtonBarFirstButton_down
2479;spark.skins.android4.assets.CheckBox_upSelected
2328;spark.skins.ios7.assets.Button_up
2408;spark.skins.mobile320.assets.BeveledActionButton_down
2762;spark.skins.ios7.assets.CheckBox_up
2010;com.isisic.remote.hoermann.assets.images.checkBox.mobile_160.Checkbox_BorderUp
1249;com.isisic.remote.hoermann.assets.images.ports.LIFT
2990;spark.skins.mobile240.assets.ButtonBarLastButton_down
1325;com.isisic.remote.hoermann.assets.images.gates.opened.SWING_GATE_DOUBLE
2766;spark.skins.mobile640.assets.ToggleSwitch_contentShadow
2432;spark.skins.mobile160.assets.BeveledActionButton_fill
2535;spark.skins.mobile320.assets.ImageInvalid
892;com.isisic.remote.hoermann.assets.images.gates.undefined.LIGHT
3637;com.isisic.remote.hoermann.assets.images.devices.door.Fxg_D_StateOpened
3822;com.isisic.remote.hoermann.assets.images.devices.horizontalSectionalDoor.FxgStateClosed
653;com.isisic.remote.hoermann.assets.images.gateThumbs.opened.DOOR
2372;spark.skins.mobile120.assets.ViewMenuItem_showsCaret
4082;refactor.bisecur._1_APP.BiSecurApp__embed__font_RobotoBold_bold_normal_408492680
3105;spark.skins.mobile320.assets.TabbedViewNavigatorButtonBarFirstButton_selected
3316;com.isisic.remote.hoermann.assets.images.buttons.ImgEdit
3117;spark.skins.mobile.assets.TabbedViewNavigatorButtonBarFirstButton_down
4076;com.isisic.remote.hoermann.assets.images.devices.barrier.FXG_BAR_StateNotClosed
643;com.isisic.remote.hoermann.assets.images.gates.autoClose.JACK
1403;com.isisic.remote.hoermann.assets.images.gateThumbs.OTHER
1655;spark.skins.mobile160.assets.CheckBox_downSymbol
2853;spark.skins.mobile320.assets.ButtonBarFirstButton_selected
2994;spark.skins.mobile120.assets.ButtonBarLastButton_up
2919;spark.skins.mobile120.assets.ButtonBarFirstButton_selected
2503;spark.skins.mobile320.assets.TransparentNavigationButton_up
2928;spark.skins.mobile160.assets.ButtonBarLastButton_down
2848;spark.skins.mobile640.assets.ButtonBarFirstButton_up
1558;spark.skins.mobile.assets.TransparentActionButton_down
2286;spark.skins.mobile160.assets.BeveledBackButton_down
2472;spark.skins.android4.assets.CheckBox_down
2718;spark.skins.android4.assets.Button_down
3003;spark.skins.mobile640.assets.ButtonBarLastButton_selected
3033;spark.skins.mobile120.assets.ButtonBarMiddleButton_selected
2923;spark.skins.mobile240.assets.ButtonBarLastButton_up
2520;spark.skins.mobile480.assets.ImageInvalid
1536;spark.skins.mobile320.assets.TransparentActionButton_down
1776;com.isisic.remote.hoermann.assets.images.checkBox.moblie_320.Checkbox_SymbolDown
2735;spark.skins.mobile640.assets.CalloutContentBackground
3925;com.isisic.remote.hoermann.assets.images.devices.swingGateDouble.Fxg_SGD_StateRight3
3915;com.isisic.remote.hoermann.assets.images.devices.swingGateDouble.Fxg_SGD_StateRight1
3920;com.isisic.remote.hoermann.assets.images.devices.swingGateDouble.Fxg_SGD_StateRight2
2510;spark.skins.mobile320.assets.TransparentNavigationButton_down
692;com.isisic.remote.hoermann.assets.images.gateThumbs.error.SWING_GATE_DOUBLE
1586;spark.skins.mobile120.assets.CheckBox_upSymbol
1600;spark.skins.mobile640.assets.CheckBox_downSymbol
2281;spark.skins.mobile640.assets.BeveledBackButton_fill
907;com.isisic.remote.hoermann.assets.images.gates.opened.JACK
3469;com.isisic.remote.hoermann.assets.images.devices.general.FxgAutoClose
812;com.isisic.remote.hoermann.assets.images.gateThumbs.autoClose.HORIZONTAL_SECTIONAL_DOOR
2976;spark.skins.mobile480.assets.ButtonBarLastButton_up
2799;spark.skins.android4.assets.ButtonBarFirstButton_up
304;com.isisic.remote.hoermann.assets.images.gateThumbs.opened.JACK
1522;spark.skins.mobile480.assets.Button_up
786;com.isisic.remote.hoermann.assets.images.gateThumbs.half.HORIZONTAL_SECTIONAL_DOOR
2140;com.isisic.remote.hoermann.assets.images.checkBox.mobile_160.Checkbox_BorderDown
383;com.isisic.remote.hoermann.assets.images.gateThumbs.opened.SECTIONAL_DOOR
2342;spark.skins.mobile640.assets.ViewMenuItem_showsCaret
2784;spark.skins.android4.assets.ButtonBarMiddleButton_selectedUp
3617;com.isisic.remote.hoermann.assets.images.devices.door.Fxg_D_StateClosed
3281;spark.skins.mobile320.assets.TabbedViewNavigatorButtonBarLastButton_down
521;com.isisic.remote.hoermann.assets.images.gateThumbs.closed.SLIDING_GATE
1682;spark.skins.mobile640.assets.CheckBox_upSymbol
196;com.isisic.remote.hoermann.assets.images.gates.opened.LIGHT
360;com.isisic.remote.hoermann.assets.images.gateThumbs.error.SLIDING_GATE
1906;com.isisic.remote.hoermann.assets.images.checkBox.moblie_320.Checkbox_BorderUpSelected
3211;spark.skins.mobile.assets.TabbedViewNavigatorButtonBarLastButton_up
3083;spark.skins.mobile480.assets.ButtonBarMiddleButton_selected
1089;com.isisic.remote.hoermann.assets.images.ports.UNLOCK
3028;spark.skins.mobile320.assets.ButtonBarMiddleButton_up
941;com.isisic.remote.hoermann.assets.images.gateThumbs.error.DOOR
548;com.isisic.remote.hoermann.assets.images.gateThumbs.closed.DOOR
763;com.isisic.remote.hoermann.assets.images.gates.undefined.SWING_GATE_DOUBLE
954;com.isisic.remote.hoermann.assets.images.gates.error.SWING_GATE_SINGLE
1828;com.isisic.remote.hoermann.assets.images.checkBox.mobile_240.Checkbox_SymbolUp
3267;spark.skins.mobile640.assets.TabbedViewNavigatorButtonBarLastButton_down
3043;spark.skins.mobile120.assets.ButtonBarMiddleButton_down
2693;spark.skins.android4.assets.ToggleSwitchThumb_off
1551;spark.skins.mobile320.assets.TransparentActionButton_up
2252;spark.skins.mobile480.assets.BeveledBackButton_down
1932;com.isisic.remote.hoermann.assets.images.checkBox.mobile_240.Checkbox_SymbolDown
2550;spark.skins.android4.assets.BusyIndicator
2812;spark.skins.android4.assets.ButtonBarFirstButton_selectedDown
2938;spark.skins.mobile160.assets.ButtonBarLastButton_selected
1619;spark.skins.mobile240.assets.CheckBox_upSymbol
1565;spark.skins.mobile640.assets.TransparentActionButton_down
3038;spark.skins.mobile240.assets.ButtonBarMiddleButton_down
1578;spark.skins.mobile160.assets.CheckBox_upSymbol
1256;com.isisic.remote.hoermann.assets.images.gateThumbs.error.JACK
2727;spark.skins.android4.assets.Button_up
3430;com.isisic.remote.hoermann.assets.images.buttons.ImgEdit_White
4080;com.isisic.remote.hoermann.assets.images.buttons.ImgCheck
2962;spark.skins.mobile640.assets.ButtonBarLastButton_down
3129;spark.skins.mobile320.assets.TabbedViewNavigatorButtonBarFirstButton_down
971;com.isisic.remote.hoermann.assets.images.gates.opened.SWING_GATE_SINGLE
1389;com.isisic.remote.hoermann.assets.images.gates.autoClose.SWING_GATE_DOUBLE
3362;com.isisic.remote.hoermann.assets.images.buttons.ImgDelete
864;com.isisic.remote.hoermann.assets.images.gateThumbs.autoClose.SWING_GATE_DOUBLE
1615;spark.skins.mobile160.assets.CheckBox_upSymbolSelected
2770;spark.skins.mobile480.assets.ToggleSwitch_contentShadow
2872;spark.skins.mobile120.assets.ButtonBarFirstButton_down
2458;spark.skins.mobile160.assets.BeveledActionButton_up
3730;com.isisic.remote.hoermann.assets.images.devices.pilomat.reifenkiller.FXG_PRK_StateNotRetracted
2768;spark.skins.mobile160.assets.ToggleSwitch_contentShadow
3288;spark.skins.mobile120.assets.TabbedViewNavigatorButtonBarLastButton_up
1513;spark.skins.mobile320.assets.Button_up
1489;spark.skins.mobile120.assets.Button_up
2320;spark.skins.mobile320.assets.BeveledBackButton_up
2540;spark.skins.mobile640.assets.ImageInvalid
2463;spark.skins.mobile120.assets.BeveledActionButton_down
3827;com.isisic.remote.hoermann.assets.images.devices.horizontalSectionalDoor.FxgStateOpened
2948;spark.skins.mobile480.assets.ButtonBarLastButton_down
1472;_class_embed_css_Assets_swf__1432423865_mx_skins_cursor_DragReject_1224370337
1279;com.isisic.remote.hoermann.assets.images.ports.OFF
3053;spark.skins.mobile240.assets.ButtonBarMiddleButton_selected
2772;spark.skins.mobile320.assets.ToggleSwitch_contentShadow
3479;com.isisic.remote.hoermann.assets.images.devices.general.FxgUnavailable
3093;spark.skins.mobile480.assets.ButtonBarMiddleButton_down
596;com.isisic.remote.hoermann.assets.images.gates.closed.LIGHT
2787;spark.skins.android4.assets.ButtonBarMiddleButton_up
2260;spark.skins.mobile640.assets.BeveledBackButton_up
1582;spark.skins.mobile240.assets.CheckBox_upSymbolSelected
1732;spark.skins.mobile480.assets.CheckBox_downSymbol
2985;spark.skins.mobile480.assets.ButtonBarLastButton_selected
153;com.isisic.remote.hoermann.assets.images.gates.closed.SWING_GATE_DOUBLE
456;com.isisic.remote.hoermann.assets.images.gateThumbs.half.SECTIONAL_DOOR
2972;spark.skins.mobile320.assets.ButtonBarLastButton_selected
1728;spark.skins.mobile120.assets.CheckBox_downSymbol
3356;com.isisic.remote.hoermann.assets.images.thumbs.ImgOffline
1180;com.isisic.remote.hoermann.assets.images.gates.error.SECTIONAL_DOOR
2445;spark.skins.mobile120.assets.BeveledActionButton_fill
2468;spark.skins.android4.assets.CheckBox_downSelected
2429;spark.skins.mobile160.assets.BeveledActionButton_down
3111;spark.skins.mobile.assets.TabbedViewNavigatorButtonBarFirstButton_selected
88;com.isisic.remote.hoermann.assets.images.gates.error.DOOR
1315;com.isisic.remote.hoermann.assets.images.gates.autoClose.HORIZONTAL_SECTIONAL_DOOR
263;com.isisic.remote.hoermann.assets.images.gates.half.DOOR
2530;spark.skins.mobile120.assets.ImageInvalid
2265;spark.skins.mobile240.assets.BeveledBackButton_up
3153;spark.skins.mobile.assets.TabbedViewNavigatorButtonBarFirstButton_up
1197;com.isisic.remote.hoermann.assets.images.gateThumbs.undefined.SWING_GATE_SINGLE
1639;spark.skins.mobile480.assets.CheckBox_upSymbolSelected
3627;com.isisic.remote.hoermann.assets.images.devices.door.Fxg_D_StateHalf3
3622;com.isisic.remote.hoermann.assets.images.devices.door.Fxg_D_StateHalf2
3632;com.isisic.remote.hoermann.assets.images.devices.door.Fxg_D_StateHalf1
3794;com.isisic.remote.hoermann.assets.images.devices.pilomat.hubbalken.FXG_PHB_StateExtended
1372;com.isisic.remote.hoermann.assets.images.gates.half.JACK
1099;com.isisic.remote.hoermann.assets.images.gateThumbs.half.SWING_GATE_SINGLE
3474;com.isisic.remote.hoermann.assets.images.devices.general.FxgError
2114;com.isisic.remote.hoermann.assets.images.checkBox.mobile_160.Checkbox_BorderUpSelected
2268;spark.skins.mobile120.assets.BeveledBackButton_fill
2333;spark.skins.mobile.assets.ViewMenuItem_down
1163;com.isisic.remote.hoermann.assets.images.gateThumbs.autoClose.LIGHT
2636;spark.skins.android4.assets.ActionBarBackground
3743;com.isisic.remote.hoermann.assets.images.devices.pilomat.reifenkiller.FXG_PRK_StateRetracted
4083;_FontFaceRules__embed__font_RobotoRegular_medium_normal_1446921204
3652;com.isisic.remote.hoermann.assets.images.devices.light.Fxg_L_StateOff
1520;spark.skins.mobile320.assets.Button_down
2933;spark.skins.mobile120.assets.ButtonBarLastButton_down
2696;spark.skins.android4.assets.ToggleSwitchBackground
2224;spark.skins.mobile480.assets.TextInput_border
2302;spark.skins.mobile640.assets.BeveledBackButton_down
2230;spark.skins.mobile320.assets.TextInput_border
777;com.isisic.remote.hoermann.assets.images.gates.autoClose.SECTIONAL_DOOR
1631;spark.skins.mobile240.assets.CheckBox_downSymbol
204;com.isisic.remote.hoermann.assets.images.gateThumbs.half.SLIDING_GATE
722;com.isisic.remote.hoermann.assets.images.gateThumbs.error.SECTIONAL_DOOR
1184;com.isisic.remote.hoermann.assets.images.gates.OTHER
3048;spark.skins.mobile160.assets.ButtonBarMiddleButton_up
2375;spark.skins.ios7.assets.ToggleSwitchThumb_on
1064;com.isisic.remote.hoermann.assets.images.gateThumbs.closed.JACK
2857;spark.skins.mobile480.assets.ButtonBarFirstButton_up
1596;spark.skins.mobile640.assets.CheckBox_up
2221;spark.skins.mobile160.assets.TextInput_border
2943;spark.skins.mobile240.assets.ButtonBarLastButton_selected
2289;spark.skins.mobile160.assets.BeveledBackButton_fill
847;com.isisic.remote.hoermann.assets.images.ports.WALK
2236;spark.skins.mobile240.assets.TextInput_border
1742;spark.skins.mobile480.assets.CheckBox_upSymbol
2233;spark.skins.mobile120.assets.TextInput_border
1475;mx.graphics.shaderClasses.SoftLightShader_ShaderClass
991;com.isisic.remote.hoermann.assets.images.gates.opened.SECTIONAL_DOOR
13;com.isisic.remote.hoermann.assets.images.gates.closed.HORIZONTAL_SECTIONAL_DOOR
3068;spark.skins.mobile240.assets.ButtonBarMiddleButton_up
3704;com.isisic.remote.hoermann.assets.images.devices.light.Fxg_L_StateOn
3385;com.isisic.remote.hoermann.assets.images.buttons.ImgHelp
3239;spark.skins.mobile320.assets.TabbedViewNavigatorButtonBarLastButton_up
3246;spark.skins.mobile480.assets.TabbedViewNavigatorButtonBarLastButton_up
2589;spark.skins.mobile640.assets.ActionBarBackground
513;com.isisic.remote.hoermann.assets.images.gateThumbs.autoClose.SWING_GATE_SINGLE
2953;spark.skins.mobile120.assets.ButtonBarLastButton_selected
68;com.isisic.remote.hoermann.assets.images.gateThumbs.closed.LIGHT
2255;spark.skins.mobile480.assets.BeveledBackButton_fill
2844;spark.skins.mobile640.assets.ButtonBarFirstButton_selected
434;com.isisic.remote.hoermann.assets.images.gateThumbs.autoClose.SECTIONAL_DOOR
1491;spark.skins.mobile240.assets.Button_up
1662;spark.skins.mobile320.assets.CheckBox_up
3008;spark.skins.mobile480.assets.ButtonBarMiddleButton_up
2378;spark.skins.ios7.assets.ToggleSwitchBackground_on
2453;spark.skins.mobile640.assets.BeveledActionButton_fill
3177;spark.skins.mobile640.assets.TabbedViewNavigatorButtonBarFirstButton_down
1647;spark.skins.mobile640.assets.CheckBox_down
2437;spark.skins.mobile120.assets.BeveledActionButton_up
2831;spark.skins.ios7.assets.ButtonBarMiddleButton_up
1496;spark.skins.mobile240.assets.Button_down
2998;spark.skins.mobile160.assets.ButtonBarLastButton_up
1340;com.isisic.remote.hoermann.assets.images.gates.closed.SLIDING_GATE
1750;spark.skins.mobile160.assets.CheckBox_down
1173;com.isisic.remote.hoermann.assets.images.gateThumbs.opened.SWING_GATE_SINGLE
3848;com.isisic.remote.hoermann.assets.images.devices.horizontalSectionalDoor.FxgStateHalf1
560;com.isisic.remote.hoermann.assets.images.gates.undefined.HORIZONTAL_SECTIONAL_DOOR
3836;com.isisic.remote.hoermann.assets.images.devices.horizontalSectionalDoor.FxgStateHalf3
3843;com.isisic.remote.hoermann.assets.images.devices.horizontalSectionalDoor.FxgStateHalf2
4084;refactor.bisecur._1_APP.BiSecurApp__embed__font_RobotoRegular_medium_normal_2117808449
2307;spark.skins.mobile240.assets.BeveledBackButton_down
1399;com.isisic.remote.hoermann.assets.images.gateThumbs.undefined.JACK
2792;spark.skins.android4.assets.ButtonBarMiddleButton_selectedDown
3197;spark.skins.mobile640.assets.TabbedViewNavigatorButtonBarLastButton_up
2889;spark.skins.mobile320.assets.ButtonBarFirstButton_up
3440;com.isisic.remote.hoermann.assets.images.thumbs.ImgNotificationWarn
661;com.isisic.remote.hoermann.assets.images.ports.DOWN
1287;com.isisic.remote.hoermann.assets.images.gates.opened.SLIDING_GATE
1435;com.isisic.remote.hoermann.assets.images.gates.error.JACK
2310;spark.skins.mobile320.assets.BeveledBackButton_fill
3260;spark.skins.mobile640.assets.TabbedViewNavigatorButtonBarLastButton_selected
168;com.isisic.remote.hoermann.assets.images.gateThumbs.half.JACK
2894;spark.skins.mobile640.assets.ButtonBarFirstButton_down
256;com.isisic.remote.hoermann.assets.images.gates.half.SWING_GATE_DOUBLE
2687;spark.skins.ios7.assets.BusyIndicator
2369;spark.skins.mobile320.assets.ViewMenuItem_up
928;com.isisic.remote.hoermann.assets.images.gateThumbs.closed.SWING_GATE_DOUBLE
984;com.isisic.remote.hoermann.assets.images.gateThumbs.closed.SECTIONAL_DOOR
1347;com.isisic.remote.hoermann.assets.images.gates.error.SWING_GATE_DOUBLE
1501;spark.skins.mobile480.assets.Button_down
289;com.isisic.remote.hoermann.assets.images.gateThumbs.half.LIGHT
3419;com.isisic.remote.hoermann.assets.images.buttons.ImgBack
2614;spark.skins.mobile240.assets.ActionBarBackground
1485;spark.skins.mobile640.assets.Button_down
2482;spark.skins.android4.assets.CheckBox_downSymbolSelected
2388;spark.skins.mobile240.assets.BeveledActionButton_fill
2339;spark.skins.mobile.assets.ViewMenuItem_up
1204;com.isisic.remote.hoermann.assets.images.gates.error.HORIZONTAL_SECTIONAL_DOOR
3542;com.isisic.remote.hoermann.assets.images.devices.pilomat.poller.FXG_PP_StateExtended
2515;spark.skins.mobile160.assets.ImageInvalid
1627;spark.skins.mobile320.assets.CheckBox_upSymbolSelected
4028;com.isisic.remote.hoermann.assets.images.devices.barrier.FXG_BAR_StateClosed
3581;com.isisic.remote.hoermann.assets.images.devices.pilomat.durchfahrtssperre.FXG_PDS_StateExtended
604;com.isisic.remote.hoermann.assets.images.gates.half.SWING_GATE_SINGLE
2403;spark.skins.mobile240.assets.BeveledActionButton_down
1428;com.isisic.remote.hoermann.assets.images.ports.LOCK
128;com.isisic.remote.hoermann.assets.images.gateThumbs.half.DOOR
1476;mx.graphics.shaderClasses.ColorDodgeShader_ShaderClass
961;com.isisic.remote.hoermann.assets.images.gates.error.SLIDING_GATE
4085;HoermannRemote__embed__font_MarkerFelt_medium_normal_26904710
2967;spark.skins.mobile320.assets.ButtonBarLastButton_down
3987;com.isisic.remote.hoermann.assets.images.devices.general.Fxg_Locked
2486;spark.skins.android4.assets.CheckBox_up
3930;com.isisic.remote.hoermann.assets.images.devices.swingGateDouble.Fxg_SGD_StateRightClosed
2758;spark.skins.ios7.assets.CheckBox_upSymbolSelected
2817;spark.skins.ios7.assets.ButtonBarLastButton_down
1738;spark.skins.mobile240.assets.CheckBox_down
1720;spark.skins.mobile120.assets.CheckBox_down
2398;spark.skins.mobile480.assets.BeveledActionButton_up
2476;spark.skins.android4.assets.CheckBox_upSymbolSelected
3802;com.isisic.remote.hoermann.assets.images.devices.jack.Fxg_J_StateOff
918;com.isisic.remote.hoermann.assets.images.ports.ON
2366;spark.skins.mobile320.assets.ViewMenuItem_showsCaret
2909;spark.skins.mobile240.assets.ButtonBarFirstButton_down
4086;HoermannRemote__embed__font_RobotoRegular_bold_normal_210891490
1529;spark.skins.mobile480.assets.TransparentActionButton_down
3023;spark.skins.mobile120.assets.ButtonBarMiddleButton_up
1137;com.isisic.remote.hoermann.assets.images.ports.LIGHT
3522;com.isisic.remote.hoermann.assets.images.devices.pilomat.poller.FXG_PP_StateRetracted
42;com.isisic.remote.hoermann.assets.images.gateThumbs.undefined.SECTIONAL_DOOR
3501;com.isisic.remote.hoermann.assets.images.devices.pilomat.poller.FXG_PP_StateNotRetracted
3088;spark.skins.mobile160.assets.ButtonBarMiddleButton_selected
4004;com.isisic.remote.hoermann.assets.images.devices.general.Fxg_BatteryEmpty
400;com.isisic.remote.hoermann.assets.images.gateThumbs.opened.SLIDING_GATE
3586;com.isisic.remote.hoermann.assets.images.devices.swingGateSingle.Fxg_SGS_StateClosed
2899;spark.skins.mobile480.assets.ButtonBarFirstButton_down
1478;mx.graphics.shaderClasses.ColorShader_ShaderClass
2747;spark.skins.mobile480.assets.CalloutContentBackground
1880;com.isisic.remote.hoermann.assets.images.checkBox.mobile_240.Checkbox_BorderUp
3165;spark.skins.mobile480.assets.TabbedViewNavigatorButtonBarFirstButton_selected
4087;com.isisic.remote.hoermann.views.ChangeFeatureScreen__embed_mxml__com_isisic_remote_hoermann_assets_images_logos_nothing_to_see_jpg_829832024
1474;mx.graphics.shaderClasses.SaturationShader_ShaderClass
2393;spark.skins.mobile320.assets.BeveledActionButton_up
2625;spark.skins.mobile160.assets.ActionBarBackground
3940;com.isisic.remote.hoermann.assets.images.devices.swingGateDouble.Fxg_SGD_StateLeft2
30;com.isisic.remote.hoermann.assets.images.gateThumbs.undefined.DOOR
3717;com.isisic.remote.hoermann.assets.images.devices.pilomat.reifenkiller.FXG_PRK_StateExtended
3935;com.isisic.remote.hoermann.assets.images.devices.swingGateDouble.Fxg_SGD_StateLeft3
1467;_class_embed_css_Assets_swf__1432423865_mx_skins_cursor_DragCopy_262882197
3950;com.isisic.remote.hoermann.assets.images.devices.swingGateDouble.Fxg_SGD_StateLeft1
2450;spark.skins.mobile640.assets.BeveledActionButton_down
685;com.isisic.remote.hoermann.assets.images.gateThumbs.opened.SWING_GATE_DOUBLE
95;com.isisic.remote.hoermann.assets.images.gateThumbs.opened.HORIZONTAL_SECTIONAL_DOOR
392;com.isisic.remote.hoermann.assets.images.gates.half.SECTIONAL_DOOR
3232;spark.skins.mobile120.assets.TabbedViewNavigatorButtonBarLastButton_down
1480;mx.graphics.shaderClasses.ColorBurnShader_ShaderClass
3073;spark.skins.mobile640.assets.ButtonBarMiddleButton_selected
2914;spark.skins.mobile240.assets.ButtonBarFirstButton_selected
2775;mx.graphics.shaderClasses.LuminosityMaskShader_ShaderClass
568;com.isisic.remote.hoermann.assets.images.gateThumbs.closed.SWING_GATE_SINGLE
2877;spark.skins.mobile160.assets.ButtonBarFirstButton_down
2292;spark.skins.mobile240.assets.BeveledBackButton_fill
2774;spark.skins.mobile240.assets.ToggleSwitch_contentShadow
1479;mx.graphics.shaderClasses.HueShader_ShaderClass
1487;spark.skins.mobile640.assets.Button_up
3324;com.isisic.remote.hoermann.assets.images.buttons.ImgAdd
675;com.isisic.remote.hoermann.assets.images.gates.autoClose.SLIDING_GATE
3190;spark.skins.mobile480.assets.TabbedViewNavigatorButtonBarLastButton_selected
1546;spark.skins.mobile640.assets.TransparentActionButton_up
315;com.isisic.remote.hoermann.assets.images.ports.ON_OFF
2764;spark.skins.mobile120.assets.ToggleSwitch_contentShadow
2561;spark.skins.mobile120.assets.ActionBarBackground
3445;com.isisic.remote.hoermann.assets.images.thumbs.ImgPositive
2731;spark.skins.mobile320.assets.CalloutContentBackground
2036;com.isisic.remote.hoermann.assets.images.checkBox.mobile_160.Checkbox_BorderDownSelected
3760;com.isisic.remote.hoermann.assets.images.devices.pilomat.hubbalken.FXG_PHB_StateRetracted
2755;spark.skins.android4.assets.CalloutContentBackground
3461;com.isisic.remote.hoermann.assets.images.thumbs.ImgNegative
1574;spark.skins.mobile320.assets.CheckBox_downSymbolSelected
3968;com.isisic.remote.hoermann.assets.images.devices.general.Fxg_Unlocked
1302;com.isisic.remote.hoermann.assets.images.gates.half.SLIDING_GATE
3183;spark.skins.mobile640.assets.TabbedViewNavigatorButtonBarFirstButton_selected
4085;refactor.bisecur._1_APP.BiSecurApp__embed__font_MarkerFelt_medium_normal_374878036
4084;HoermannRemote__embed__font_RobotoRegular_medium_normal_31627508
2421;spark.skins.mobile320.assets.BeveledActionButton_fill
2418;spark.skins.mobile480.assets.BeveledActionButton_down
353;com.isisic.remote.hoermann.assets.images.gates.autoClose.LIGHT
2575;spark.skins.mobile320.assets.ActionBarBackground
1707;spark.skins.mobile640.assets.CheckBox_downSymbolSelected
2345;spark.skins.mobile120.assets.ViewMenuItem_up
3601;com.isisic.remote.hoermann.assets.images.devices.swingGateSingle.Fxg_SGS_StateHalf1
3274;spark.skins.mobile480.assets.TabbedViewNavigatorButtonBarLastButton_down
1690;spark.skins.mobile320.assets.CheckBox_down
3596;com.isisic.remote.hoermann.assets.images.devices.swingGateSingle.Fxg_SGS_StateHalf3
2525;spark.skins.mobile240.assets.ImageInvalid
3591;com.isisic.remote.hoermann.assets.images.devices.swingGateSingle.Fxg_SGS_StateHalf2
376;com.isisic.remote.hoermann.assets.images.gates.autoClose.DOOR
2315;spark.skins.mobile320.assets.BeveledBackButton_down
2603;spark.skins.mobile480.assets.ActionBarBackground
3368;com.isisic.remote.hoermann.assets.images.buttons.ImgRefresh
2336;spark.skins.mobile640.assets.ViewMenuItem_up
2743;spark.skins.mobile120.assets.CalloutContentBackground
1607;spark.skins.mobile160.assets.CheckBox_up
2739;spark.skins.mobile160.assets.CalloutContentBackground
530;com.isisic.remote.hoermann.assets.images.ports.UP
1216;com.isisic.remote.hoermann.assets.images.gates.undefined.SECTIONAL_DOOR
484;com.isisic.remote.hoermann.assets.images.gates.error.LIGHT
2980;spark.skins.mobile640.assets.ButtonBarLastButton_up
3400;com.isisic.remote.hoermann.assets.images.buttons.ImgMail
3331;com.isisic.remote.hoermann.assets.images.thumbs.ImgLocal
1984;com.isisic.remote.hoermann.assets.images.checkBox.mobile_160.Checkbox_SymbolUp
935;com.isisic.remote.hoermann.assets.images.gateThumbs.error.HORIZONTAL_SECTIONAL_DOOR
1802;com.isisic.remote.hoermann.assets.images.checkBox.mobile_240.Checkbox_BorderUpSelected
2904;spark.skins.mobile480.assets.ButtonBarFirstButton_selected
231;com.isisic.remote.hoermann.assets.images.gates.autoClose.SWING_GATE_SINGLE
1264;com.isisic.remote.hoermann.assets.images.ports.HALF
1670;spark.skins.mobile240.assets.CheckBox_downSymbolSelected
3568;com.isisic.remote.hoermann.assets.images.devices.pilomat.durchfahrtssperre.FXG_PDS_StateNotRetracted
2796;spark.skins.android4.assets.ButtonBarMiddleButton_down
3555;com.isisic.remote.hoermann.assets.images.devices.pilomat.durchfahrtssperre.FXG_PDS_StateRetracted
3099;spark.skins.mobile320.assets.TabbedViewNavigatorButtonBarFirstButton_up
1697;spark.skins.mobile480.assets.CheckBox_up
2702;spark.skins.android4.assets.ToggleSwitchThumb_on
1666;spark.skins.mobile480.assets.CheckBox_downSymbolSelected
628;com.isisic.remote.hoermann.assets.images.gates.closed.DOOR
799;com.isisic.remote.hoermann.assets.images.gates.undefined.SLIDING_GATE
3905;com.isisic.remote.hoermann.assets.images.devices.SlidingGate.Fxg_SG_StateClosed
2088;com.isisic.remote.hoermann.assets.images.checkBox.mobile_240.Checkbox_BorderDown
3058;spark.skins.mobile320.assets.ButtonBarMiddleButton_down
2353;spark.skins.mobile320.assets.ViewMenuItem_down
3380;com.isisic.remote.hoermann.assets.images.buttons.ImgMenu
2493;spark.skins.mobile.assets.TransparentNavigationButton_down
1515;spark.skins.mobile160.assets.Button_up
3853;com.isisic.remote.hoermann.assets.images.devices.sectionalDoor.FxgStateOpened
3910;com.isisic.remote.hoermann.assets.images.devices.swingGateDouble.Fxg_SGD_StateLeftOpened
3123;spark.skins.mobile640.assets.TabbedViewNavigatorButtonBarFirstButton_up
1049;com.isisic.remote.hoermann.assets.images.gates.half.LIGHT
2827;spark.skins.ios7.assets.ButtonBarFirstButton_down
3171;spark.skins.mobile120.assets.TabbedViewNavigatorButtonBarFirstButton_down
4052;com.isisic.remote.hoermann.assets.images.devices.barrier.FXG_BAR_StateOpened
1678;spark.skins.mobile480.assets.CheckBox_down
3013;spark.skins.mobile160.assets.ButtonBarMiddleButton_down
2760;spark.skins.ios7.assets.CheckBox_upSelected
2358;spark.skins.mobile120.assets.ViewMenuItem_down
1623;spark.skins.mobile120.assets.CheckBox_upSymbolSelected
447;com.isisic.remote.hoermann.assets.images.gateThumbs.closed.HORIZONTAL_SECTIONAL_DOOR
3456;com.isisic.remote.hoermann.assets.images.thumbs.ImgInfo
2385;spark.skins.ios7.assets.ToggleSwitchBackground_off
3895;com.isisic.remote.hoermann.assets.images.devices.SlidingGate.Fxg_SG_StateHalf1
4082;HoermannRemote__embed__font_RobotoBold_bold_normal_1737038659
3900;com.isisic.remote.hoermann.assets.images.devices.SlidingGate.Fxg_SG_StateHalf2
3890;com.isisic.remote.hoermann.assets.images.devices.SlidingGate.Fxg_SG_StateHalf3
2839;spark.skins.mobile240.assets.ButtonBarFirstButton_up
2867;spark.skins.mobile160.assets.ButtonBarFirstButton_selected
1357;com.isisic.remote.hoermann.assets.images.ports.IMPULS_SHORT
2278;spark.skins.mobile120.assets.BeveledBackButton_up
2821;spark.skins.ios7.assets.ButtonBarLastButton_up
3449;com.isisic.remote.hoermann.assets.images.buttons.ImgSearch_White
947;com.isisic.remote.hoermann.assets.images.gates.undefined.DOOR
706;com.isisic.remote.hoermann.assets.images.ports.AUTO_CLOSE
1704;spark.skins.mobile120.assets.CheckBox_up
3253;spark.skins.mobile320.assets.TabbedViewNavigatorButtonBarLastButton_selected
3876;com.isisic.remote.hoermann.assets.images.devices.sectionalDoor.FxgStateHalf2
3885;com.isisic.remote.hoermann.assets.images.devices.sectionalDoor.FxgStateHalf3
1021;com.isisic.remote.hoermann.assets.images.ports.OPEN_DOOR
2218;com.isisic.remote.hoermann.assets.images.checkBox.mobile_240.Checkbox_BorderDownSelected
3869;com.isisic.remote.hoermann.assets.images.devices.sectionalDoor.FxgStateHalf1
1107;com.isisic.remote.hoermann.assets.images.gates.undefined.JACK
1724;spark.skins.mobile160.assets.CheckBox_downSymbolSelected
1461;_class_embed_css_Assets_swf__1432423865_mx_skins_cursor_DragLink_263144202
143;com.isisic.remote.hoermann.assets.images.gateThumbs.undefined.SWING_GATE_DOUBLE
3204;spark.skins.mobile.assets.TabbedViewNavigatorButtonBarLastButton_selected
4086;refactor.bisecur._1_APP.BiSecurApp__embed__font_RobotoRegular_bold_normal_1938544467
3864;com.isisic.remote.hoermann.assets.images.devices.sectionalDoor.FxgStateClosed
1511;spark.skins.mobile160.assets.Button_down
3955;com.isisic.remote.hoermann.assets.images.devices.swingGateDouble.Fxg_SGD_StateLeftClosed
325;com.isisic.remote.hoermann.assets.images.gateThumbs.half.SWING_GATE_DOUBLE
418;com.isisic.remote.hoermann.assets.images.gates.closed.SWING_GATE_SINGLE
3218;spark.skins.mobile120.assets.TabbedViewNavigatorButtonBarLastButton_selected
246;com.isisic.remote.hoermann.assets.images.gates.closed.JACK
